what,kind,bundleId,bundleVersion,description,time
activated,editor,com.google.gwt.eclipse.core,2.3.2.r36v201106211634,"com.google.gwt.eclipse.core.editors.gwtJavaEditor",1335018799974
executed,command,org.eclipse.ui,3.6.2.M20110203-1100,"org.eclipse.ui.edit.paste",1335018802550
executed,command,org.eclipse.jdt.ui,3.6.2.r362_v20110203,"org.eclipse.jdt.ui.edit.text.java.format",1335018808451
executed,command,org.eclipse.ui,3.6.2.M20110203-1100,"org.eclipse.ui.file.save",1335018809123
activated,view,org.eclipse.ui.navigator.resources,3.4.202.M20101124-0800,"org.eclipse.ui.navigator.ProjectExplorer",1335018810868
closed,editor,com.google.gwt.eclipse.core,2.3.2.r36v201106211634,"com.google.gwt.eclipse.core.editors.gwtJavaEditor",1335018810868
opened,editor,com.google.gwt.eclipse.core,2.3.2.r36v201106211634,"com.google.gwt.eclipse.core.editors.gwtJavaEditor",1335018812468
activated,editor,com.google.gwt.eclipse.core,2.3.2.r36v201106211634,"com.google.gwt.eclipse.core.editors.gwtJavaEditor",1335018812521
executed,command,org.eclipse.ui,3.6.2.M20110203-1100,"org.eclipse.ui.edit.paste",1335018814559
executed,command,org.eclipse.jdt.ui,3.6.2.r362_v20110203,"org.eclipse.jdt.ui.edit.text.java.format",1335018819611
executed,command,org.eclipse.ui,3.6.2.M20110203-1100,"org.eclipse.ui.file.save",1335018820354
activated,view,org.eclipse.ui.navigator.resources,3.4.202.M20101124-0800,"org.eclipse.ui.navigator.ProjectExplorer",1335018823526
closed,editor,com.google.gwt.eclipse.core,2.3.2.r36v201106211634,"com.google.gwt.eclipse.core.editors.gwtJavaEditor",1335018823527
opened,editor,com.google.gwt.eclipse.core,2.3.2.r36v201106211634,"com.google.gwt.eclipse.core.editors.gwtJavaEditor",1335018824950
activated,editor,com.google.gwt.eclipse.core,2.3.2.r36v201106211634,"com.google.gwt.eclipse.core.editors.gwtJavaEditor",1335018825003
executed,command,org.eclipse.ui,3.6.2.M20110203-1100,"org.eclipse.ui.edit.paste",1335018827492
executed,command,org.eclipse.jdt.ui,3.6.2.r362_v20110203,"org.eclipse.jdt.ui.edit.text.java.format",1335018831411
executed,command,org.eclipse.ui,3.6.2.M20110203-1100,"org.eclipse.ui.file.save",1335018832164
activated,view,org.eclipse.ui.navigator.resources,3.4.202.M20101124-0800,"org.eclipse.ui.navigator.ProjectExplorer",1335018833766
closed,editor,com.google.gwt.eclipse.core,2.3.2.r36v201106211634,"com.google.gwt.eclipse.core.editors.gwtJavaEditor",1335018833766
opened,editor,com.google.gwt.eclipse.core,2.3.2.r36v201106211634,"com.google.gwt.eclipse.core.editors.gwtJavaEditor",1335018835372
activated,editor,com.google.gwt.eclipse.core,2.3.2.r36v201106211634,"com.google.gwt.eclipse.core.editors.gwtJavaEditor",1335018835425
executed,command,org.eclipse.ui,3.6.2.M20110203-1100,"org.eclipse.ui.edit.paste",1335018838028
executed,command,org.eclipse.jdt.ui,3.6.2.r362_v20110203,"org.eclipse.jdt.ui.edit.text.java.format",1335018846818
executed,command,org.eclipse.ui,3.6.2.M20110203-1100,"org.eclipse.ui.file.save",1335018848484
started,bundle,org.eclipse.mylyn.java.tasks,3.4.0.v20100608-0100-e3x,"org.eclipse.mylyn.java.tasks",1335018858898
executed,command,org.eclipse.ui,3.6.2.M20110203-1100,"org.eclipse.ui.file.save",1335018859120
activated,view,org.eclipse.ui.navigator.resources,3.4.202.M20101124-0800,"org.eclipse.ui.navigator.ProjectExplorer",1335018860585
closed,editor,com.google.gwt.eclipse.core,2.3.2.r36v201106211634,"com.google.gwt.eclipse.core.editors.gwtJavaEditor",1335018860585
opened,editor,com.google.gwt.eclipse.core,2.3.2.r36v201106211634,"com.google.gwt.eclipse.core.editors.gwtJavaEditor",1335018863183
activated,editor,com.google.gwt.eclipse.core,2.3.2.r36v201106211634,"com.google.gwt.eclipse.core.editors.gwtJavaEditor",1335018863245
activated,view,org.eclipse.ui.navigator.resources,3.4.202.M20101124-0800,"org.eclipse.ui.navigator.ProjectExplorer",1335018866328
closed,editor,com.google.gwt.eclipse.core,2.3.2.r36v201106211634,"com.google.gwt.eclipse.core.editors.gwtJavaEditor",1335018866328
opened,editor,com.google.gwt.eclipse.core,2.3.2.r36v201106211634,"com.google.gwt.eclipse.core.editors.gwtJavaEditor",1335018867807
activated,editor,com.google.gwt.eclipse.core,2.3.2.r36v201106211634,"com.google.gwt.eclipse.core.editors.gwtJavaEditor",1335018867859
activated,view,org.eclipse.ui.navigator.resources,3.4.202.M20101124-0800,"org.eclipse.ui.navigator.ProjectExplorer",1335018876548
closed,editor,com.google.gwt.eclipse.core,2.3.2.r36v201106211634,"com.google.gwt.eclipse.core.editors.gwtJavaEditor",1335018876548
opened,editor,com.google.gwt.eclipse.core,2.3.2.r36v201106211634,"com.google.gwt.eclipse.core.editors.gwtJavaEditor",1335018880063
activated,editor,com.google.gwt.eclipse.core,2.3.2.r36v201106211634,"com.google.gwt.eclipse.core.editors.gwtJavaEditor",1335018880132
executed,command,org.eclipse.ui,3.6.2.M20110203-1100,"org.eclipse.ui.edit.paste",1335018883562
executed,command,org.eclipse.jdt.ui,3.6.2.r362_v20110203,"org.eclipse.jdt.ui.edit.text.java.format",1335018894935
executed,command,org.eclipse.ui,3.6.2.M20110203-1100,"org.eclipse.ui.file.save",1335018896073
activated,view,org.eclipse.ui.navigator.resources,3.4.202.M20101124-0800,"org.eclipse.ui.navigator.ProjectExplorer",1335018897694
closed,editor,com.google.gwt.eclipse.core,2.3.2.r36v201106211634,"com.google.gwt.eclipse.core.editors.gwtJavaEditor",1335018897694
opened,editor,com.google.gwt.eclipse.core,2.3.2.r36v201106211634,"com.google.gwt.eclipse.core.editors.gwtJavaEditor",1335018899102
activated,editor,com.google.gwt.eclipse.core,2.3.2.r36v201106211634,"com.google.gwt.eclipse.core.editors.gwtJavaEditor",1335018899156
executed,command,org.eclipse.ui,3.6.2.M20110203-1100,"org.eclipse.ui.edit.paste",1335018902428
executed,command,org.eclipse.jdt.ui,3.6.2.r362_v20110203,"org.eclipse.jdt.ui.edit.text.java.format",1335018909175
executed,command,org.eclipse.ui,3.6.2.M20110203-1100,"org.eclipse.ui.file.save",1335018911225
activated,view,org.eclipse.ui.navigator.resources,3.4.202.M20101124-0800,"org.eclipse.ui.navigator.ProjectExplorer",1335018913882
closed,editor,com.google.gwt.eclipse.core,2.3.2.r36v201106211634,"com.google.gwt.eclipse.core.editors.gwtJavaEditor",1335018913882
opened,editor,com.google.gwt.eclipse.core,2.3.2.r36v201106211634,"com.google.gwt.eclipse.core.editors.gwtJavaEditor",1335018919764
activated,editor,com.google.gwt.eclipse.core,2.3.2.r36v201106211634,"com.google.gwt.eclipse.core.editors.gwtJavaEditor",1335018919807
executed,command,org.eclipse.ui,3.6.2.M20110203-1100,"org.eclipse.ui.edit.paste",1335018921738
executed,command,org.eclipse.jdt.ui,3.6.2.r362_v20110203,"org.eclipse.jdt.ui.edit.text.java.format",1335018924633
executed,command,org.eclipse.ui,3.6.2.M20110203-1100,"org.eclipse.ui.file.save",1335018925505
activated,view,org.eclipse.ui.navigator.resources,3.4.202.M20101124-0800,"org.eclipse.ui.navigator.ProjectExplorer",1335018926975
closed,editor,com.google.gwt.eclipse.core,2.3.2.r36v201106211634,"com.google.gwt.eclipse.core.editors.gwtJavaEditor",1335018926975
opened,editor,com.google.gwt.eclipse.core,2.3.2.r36v201106211634,"com.google.gwt.eclipse.core.editors.gwtJavaEditor",1335018931438
activated,editor,com.google.gwt.eclipse.core,2.3.2.r36v201106211634,"com.google.gwt.eclipse.core.editors.gwtJavaEditor",1335018931484
executed,command,org.eclipse.ui,3.6.2.M20110203-1100,"org.eclipse.ui.edit.paste",1335018934345
executed,command,org.eclipse.jdt.ui,3.6.2.r362_v20110203,"org.eclipse.jdt.ui.edit.text.java.format",1335018935782
executed,command,org.eclipse.ui,3.6.2.M20110203-1100,"org.eclipse.ui.file.save",1335018936490
activated,view,org.eclipse.ui.navigator.resources,3.4.202.M20101124-0800,"org.eclipse.ui.navigator.ProjectExplorer",1335018938003
closed,editor,com.google.gwt.eclipse.core,2.3.2.r36v201106211634,"com.google.gwt.eclipse.core.editors.gwtJavaEditor",1335018938003
opened,editor,com.google.gwt.eclipse.core,2.3.2.r36v201106211634,"com.google.gwt.eclipse.core.editors.gwtJavaEditor",1335018939557
activated,editor,com.google.gwt.eclipse.core,2.3.2.r36v201106211634,"com.google.gwt.eclipse.core.editors.gwtJavaEditor",1335018939601
executed,command,org.eclipse.ui,3.6.2.M20110203-1100,"org.eclipse.ui.edit.paste",1335018942609
executed,command,org.eclipse.ui,3.6.2.M20110203-1100,"org.eclipse.ui.file.save",1335018945800
executed,command,org.eclipse.jdt.ui,3.6.2.r362_v20110203,"org.eclipse.jdt.ui.edit.text.java.format",1335018947064
executed,command,org.eclipse.ui,3.6.2.M20110203-1100,"org.eclipse.ui.file.save",1335018947840
activated,view,org.eclipse.ui.navigator.resources,3.4.202.M20101124-0800,"org.eclipse.ui.navigator.ProjectExplorer",1335018949095
closed,editor,com.google.gwt.eclipse.core,2.3.2.r36v201106211634,"com.google.gwt.eclipse.core.editors.gwtJavaEditor",1335018949095
opened,editor,com.google.gwt.eclipse.core,2.3.2.r36v201106211634,"com.google.gwt.eclipse.core.editors.gwtJavaEditor",1335018950473
activated,editor,com.google.gwt.eclipse.core,2.3.2.r36v201106211634,"com.google.gwt.eclipse.core.editors.gwtJavaEditor",1335018950522
executed,command,org.eclipse.ui,3.6.2.M20110203-1100,"org.eclipse.ui.edit.paste",1335018953193
executed,command,org.eclipse.ui,3.6.2.M20110203-1100,"org.eclipse.ui.file.save",1335018957092
executed,command,org.eclipse.jdt.ui,3.6.2.r362_v20110203,"org.eclipse.jdt.ui.edit.text.java.format",1335018959055
executed,command,org.eclipse.ui,3.6.2.M20110203-1100,"org.eclipse.ui.file.save",1335018959893
activated,view,org.eclipse.ui.navigator.resources,3.4.202.M20101124-0800,"org.eclipse.ui.navigator.ProjectExplorer",1335018961624
closed,editor,com.google.gwt.eclipse.core,2.3.2.r36v201106211634,"com.google.gwt.eclipse.core.editors.gwtJavaEditor",1335018961624
opened,editor,com.google.gwt.eclipse.core,2.3.2.r36v201106211634,"com.google.gwt.eclipse.core.editors.gwtJavaEditor",1335018964462
activated,editor,com.google.gwt.eclipse.core,2.3.2.r36v201106211634,"com.google.gwt.eclipse.core.editors.gwtJavaEditor",1335018964512
executed,command,org.eclipse.ui,3.6.2.M20110203-1100,"org.eclipse.ui.file.save",1335019096668
executed,command,org.eclipse.ui,3.6.2.M20110203-1100,"org.eclipse.ui.edit.paste",1335019115149
executed,command,org.eclipse.ui,3.6.2.M20110203-1100,"org.eclipse.ui.file.save",1335019116289
activated,view,org.eclipse.ui.navigator.resources,3.4.202.M20101124-0800,"org.eclipse.ui.navigator.ProjectExplorer",1335019127526
closed,editor,com.google.gwt.eclipse.core,2.3.2.r36v201106211634,"com.google.gwt.eclipse.core.editors.gwtJavaEditor",1335019127526
opened,editor,com.google.gwt.eclipse.core,2.3.2.r36v201106211634,"com.google.gwt.eclipse.core.editors.gwtJavaEditor",1335019129939
activated,editor,com.google.gwt.eclipse.core,2.3.2.r36v201106211634,"com.google.gwt.eclipse.core.editors.gwtJavaEditor",1335019129996
executed,command,org.eclipse.ui,3.6.2.M20110203-1100,"org.eclipse.ui.edit.paste",1335019136955
activated,view,org.eclipse.ui.navigator.resources,3.4.202.M20101124-0800,"org.eclipse.ui.navigator.ProjectExplorer",1335019138485
opened,editor,com.google.gwt.eclipse.core,2.3.2.r36v201106211634,"com.google.gwt.eclipse.core.editors.gwtJavaEditor",1335019138687
activated,editor,com.google.gwt.eclipse.core,2.3.2.r36v201106211634,"com.google.gwt.eclipse.core.editors.gwtJavaEditor",1335019138751
executed,command,org.eclipse.jdt.ui,3.6.2.r362_v20110203,"org.eclipse.jdt.ui.edit.text.java.format",1335019139719
executed,command,org.eclipse.ui,3.6.2.M20110203-1100,"org.eclipse.ui.file.save",1335019140653
activated,editor,com.google.gwt.eclipse.core,2.3.2.r36v201106211634,"com.google.gwt.eclipse.core.editors.gwtJavaEditor",1335019148745
closed,editor,com.google.gwt.eclipse.core,2.3.2.r36v201106211634,"com.google.gwt.eclipse.core.editors.gwtJavaEditor",1335019148745
executed,command,org.eclipse.ui,3.6.2.M20110203-1100,"org.eclipse.ui.file.save",1335019179991
executed,command,org.eclipse.jdt.ui,3.6.2.r362_v20110203,"org.eclipse.jdt.ui.edit.text.java.format",1335019210283
executed,command,org.eclipse.ui,3.6.2.M20110203-1100,"org.eclipse.ui.file.save",1335019211335
activated,view,org.eclipse.ui.navigator.resources,3.4.202.M20101124-0800,"org.eclipse.ui.navigator.ProjectExplorer",1335019213125
closed,editor,com.google.gwt.eclipse.core,2.3.2.r36v201106211634,"com.google.gwt.eclipse.core.editors.gwtJavaEditor",1335019213125
opened,editor,com.google.gwt.eclipse.core,2.3.2.r36v201106211634,"com.google.gwt.eclipse.core.editors.gwtJavaEditor",1335019219168
activated,editor,com.google.gwt.eclipse.core,2.3.2.r36v201106211634,"com.google.gwt.eclipse.core.editors.gwtJavaEditor",1335019219217
activated,view,org.eclipse.ui.navigator.resources,3.4.202.M20101124-0800,"org.eclipse.ui.navigator.ProjectExplorer",1335019221128
closed,editor,com.google.gwt.eclipse.core,2.3.2.r36v201106211634,"com.google.gwt.eclipse.core.editors.gwtJavaEditor",1335019221128
opened,editor,com.google.gwt.eclipse.core,2.3.2.r36v201106211634,"com.google.gwt.eclipse.core.editors.gwtJavaEditor",1335019222672
activated,editor,com.google.gwt.eclipse.core,2.3.2.r36v201106211634,"com.google.gwt.eclipse.core.editors.gwtJavaEditor",1335019222727
executed,command,org.eclipse.ui,3.6.2.M20110203-1100,"org.eclipse.ui.edit.paste",1335019225126
executed,command,org.eclipse.jdt.ui,3.6.2.r362_v20110203,"org.eclipse.jdt.ui.edit.text.java.format",1335019229205
executed,command,org.eclipse.ui,3.6.2.M20110203-1100,"org.eclipse.ui.file.save",1335019230245
activated,view,org.eclipse.ui.navigator.resources,3.4.202.M20101124-0800,"org.eclipse.ui.navigator.ProjectExplorer",1335019231803
closed,editor,com.google.gwt.eclipse.core,2.3.2.r36v201106211634,"com.google.gwt.eclipse.core.editors.gwtJavaEditor",1335019231803
opened,editor,com.google.gwt.eclipse.core,2.3.2.r36v201106211634,"com.google.gwt.eclipse.core.editors.gwtJavaEditor",1335019233499
activated,editor,com.google.gwt.eclipse.core,2.3.2.r36v201106211634,"com.google.gwt.eclipse.core.editors.gwtJavaEditor",1335019233559
executed,command,org.eclipse.ui,3.6.2.M20110203-1100,"org.eclipse.ui.edit.paste",1335019236591
executed,command,org.eclipse.jdt.ui,3.6.2.r362_v20110203,"org.eclipse.jdt.ui.edit.text.java.format",1335019311352
executed,command,org.eclipse.ui,3.6.2.M20110203-1100,"org.eclipse.ui.file.save",1335019312186
activated,view,org.eclipse.ui.navigator.resources,3.4.202.M20101124-0800,"org.eclipse.ui.navigator.ProjectExplorer",1335019314573
closed,editor,com.google.gwt.eclipse.core,2.3.2.r36v201106211634,"com.google.gwt.eclipse.core.editors.gwtJavaEditor",1335019314574
opened,editor,com.google.gwt.eclipse.core,2.3.2.r36v201106211634,"com.google.gwt.eclipse.core.editors.gwtJavaEditor",1335019316466
activated,editor,com.google.gwt.eclipse.core,2.3.2.r36v201106211634,"com.google.gwt.eclipse.core.editors.gwtJavaEditor",1335019316515
executed,command,org.eclipse.ui,3.6.2.M20110203-1100,"org.eclipse.ui.edit.paste",1335019320204
executed,command,org.eclipse.ui,3.6.2.M20110203-1100,"org.eclipse.ui.file.save",1335019344178
executed,command,org.eclipse.jdt.ui,3.6.2.r362_v20110203,"org.eclipse.jdt.ui.edit.text.java.format",1335019371624
executed,command,org.eclipse.ui,3.6.2.M20110203-1100,"org.eclipse.ui.file.save",1335019375520
activated,view,org.eclipse.ui.navigator.resources,3.4.202.M20101124-0800,"org.eclipse.ui.navigator.ProjectExplorer",1335019377338
closed,editor,com.google.gwt.eclipse.core,2.3.2.r36v201106211634,"com.google.gwt.eclipse.core.editors.gwtJavaEditor",1335019377339
opened,editor,com.google.gwt.eclipse.core,2.3.2.r36v201106211634,"com.google.gwt.eclipse.core.editors.gwtJavaEditor",1335019378721
activated,editor,com.google.gwt.eclipse.core,2.3.2.r36v201106211634,"com.google.gwt.eclipse.core.editors.gwtJavaEditor",1335019378765
executed,command,org.eclipse.ui,3.6.2.M20110203-1100,"org.eclipse.ui.edit.paste",1335019381913
executed,command,org.eclipse.jdt.ui,3.6.2.r362_v20110203,"org.eclipse.jdt.ui.edit.text.java.format",1335019383295
executed,command,org.eclipse.ui,3.6.2.M20110203-1100,"org.eclipse.ui.file.save",1335019384208
activated,view,org.eclipse.ui.navigator.resources,3.4.202.M20101124-0800,"org.eclipse.ui.navigator.ProjectExplorer",1335019385719
closed,editor,com.google.gwt.eclipse.core,2.3.2.r36v201106211634,"com.google.gwt.eclipse.core.editors.gwtJavaEditor",1335019385719
opened,editor,com.google.gwt.eclipse.core,2.3.2.r36v201106211634,"com.google.gwt.eclipse.core.editors.gwtJavaEditor",1335019387139
activated,editor,com.google.gwt.eclipse.core,2.3.2.r36v201106211634,"com.google.gwt.eclipse.core.editors.gwtJavaEditor",1335019387182
executed,command,org.eclipse.ui,3.6.2.M20110203-1100,"org.eclipse.ui.edit.paste",1335019390006
executed,command,org.eclipse.jdt.ui,3.6.2.r362_v20110203,"org.eclipse.jdt.ui.edit.text.java.format",1335019391381
executed,command,org.eclipse.ui,3.6.2.M20110203-1100,"org.eclipse.ui.file.save",1335019392153
activated,view,org.eclipse.ui.navigator.resources,3.4.202.M20101124-0800,"org.eclipse.ui.navigator.ProjectExplorer",1335019393419
closed,editor,com.google.gwt.eclipse.core,2.3.2.r36v201106211634,"com.google.gwt.eclipse.core.editors.gwtJavaEditor",1335019393420
opened,editor,com.google.gwt.eclipse.core,2.3.2.r36v201106211634,"com.google.gwt.eclipse.core.editors.gwtJavaEditor",1335019395034
activated,editor,com.google.gwt.eclipse.core,2.3.2.r36v201106211634,"com.google.gwt.eclipse.core.editors.gwtJavaEditor",1335019395095
executed,command,org.eclipse.ui,3.6.2.M20110203-1100,"org.eclipse.ui.edit.paste",1335019398616
executed,command,org.eclipse.jdt.ui,3.6.2.r362_v20110203,"org.eclipse.jdt.ui.edit.text.java.format",1335019415496
executed,command,org.eclipse.ui,3.6.2.M20110203-1100,"org.eclipse.ui.file.save",1335019418207
activated,view,org.eclipse.ui.navigator.resources,3.4.202.M20101124-0800,"org.eclipse.ui.navigator.ProjectExplorer",1335019419860
closed,editor,com.google.gwt.eclipse.core,2.3.2.r36v201106211634,"com.google.gwt.eclipse.core.editors.gwtJavaEditor",1335019419860
opened,editor,com.google.gwt.eclipse.core,2.3.2.r36v201106211634,"com.google.gwt.eclipse.core.editors.gwtJavaEditor",1335019421425
activated,editor,com.google.gwt.eclipse.core,2.3.2.r36v201106211634,"com.google.gwt.eclipse.core.editors.gwtJavaEditor",1335019421477
executed,command,org.eclipse.ui,3.6.2.M20110203-1100,"org.eclipse.ui.edit.paste",1335019424751
executed,command,org.eclipse.jdt.ui,3.6.2.r362_v20110203,"org.eclipse.jdt.ui.edit.text.java.format",1335019447199
executed,command,org.eclipse.ui,3.6.2.M20110203-1100,"org.eclipse.ui.file.save",1335019449811
executed,command,org.eclipse.jdt.ui,3.6.2.r362_v20110203,"org.eclipse.jdt.ui.edit.text.java.format",1335019451153
activated,view,org.eclipse.ui.navigator.resources,3.4.202.M20101124-0800,"org.eclipse.ui.navigator.ProjectExplorer",1335019455152
closed,editor,com.google.gwt.eclipse.core,2.3.2.r36v201106211634,"com.google.gwt.eclipse.core.editors.gwtJavaEditor",1335019455152
opened,editor,com.google.gwt.eclipse.core,2.3.2.r36v201106211634,"com.google.gwt.eclipse.core.editors.gwtJavaEditor",1335019456723
activated,editor,com.google.gwt.eclipse.core,2.3.2.r36v201106211634,"com.google.gwt.eclipse.core.editors.gwtJavaEditor",1335019456774
executed,command,org.eclipse.ui,3.6.2.M20110203-1100,"org.eclipse.ui.edit.paste",1335019458487
executed,command,org.eclipse.jdt.ui,3.6.2.r362_v20110203,"org.eclipse.jdt.ui.edit.text.java.format",1335019474061
executed,command,org.eclipse.ui,3.6.2.M20110203-1100,"org.eclipse.ui.file.save",1335019476453
activated,view,org.eclipse.ui.navigator.resources,3.4.202.M20101124-0800,"org.eclipse.ui.navigator.ProjectExplorer",1335019478215
closed,editor,com.google.gwt.eclipse.core,2.3.2.r36v201106211634,"com.google.gwt.eclipse.core.editors.gwtJavaEditor",1335019478215
opened,editor,com.google.gwt.eclipse.core,2.3.2.r36v201106211634,"com.google.gwt.eclipse.core.editors.gwtJavaEditor",1335019480704
activated,editor,com.google.gwt.eclipse.core,2.3.2.r36v201106211634,"com.google.gwt.eclipse.core.editors.gwtJavaEditor",1335019480770
executed,command,org.eclipse.ui,3.6.2.M20110203-1100,"org.eclipse.ui.file.save",1335019521387
activated,view,org.eclipse.ui.navigator.resources,3.4.202.M20101124-0800,"org.eclipse.ui.navigator.ProjectExplorer",1335019523299
closed,editor,com.google.gwt.eclipse.core,2.3.2.r36v201106211634,"com.google.gwt.eclipse.core.editors.gwtJavaEditor",1335019523299
opened,editor,com.google.gwt.eclipse.core,2.3.2.r36v201106211634,"com.google.gwt.eclipse.core.editors.gwtJavaEditor",1335019524803
activated,editor,com.google.gwt.eclipse.core,2.3.2.r36v201106211634,"com.google.gwt.eclipse.core.editors.gwtJavaEditor",1335019524863
executed,command,org.eclipse.ui,3.6.2.M20110203-1100,"org.eclipse.ui.edit.paste",1335019529533
executed,command,org.eclipse.jdt.ui,3.6.2.r362_v20110203,"org.eclipse.jdt.ui.edit.text.java.format",1335019576418
executed,command,org.eclipse.ui,3.6.2.M20110203-1100,"org.eclipse.ui.file.save",1335019577513
activated,view,org.eclipse.ui.navigator.resources,3.4.202.M20101124-0800,"org.eclipse.ui.navigator.ProjectExplorer",1335019580115
closed,editor,com.google.gwt.eclipse.core,2.3.2.r36v201106211634,"com.google.gwt.eclipse.core.editors.gwtJavaEditor",1335019580115
opened,editor,com.google.gwt.eclipse.core,2.3.2.r36v201106211634,"com.google.gwt.eclipse.core.editors.gwtJavaEditor",1335019582059
activated,editor,com.google.gwt.eclipse.core,2.3.2.r36v201106211634,"com.google.gwt.eclipse.core.editors.gwtJavaEditor",1335019582113
executed,command,org.eclipse.ui,3.6.2.M20110203-1100,"org.eclipse.ui.edit.paste",1335019586769
executed,command,org.eclipse.jdt.ui,3.6.2.r362_v20110203,"org.eclipse.jdt.ui.edit.text.java.format",1335019589672
executed,command,org.eclipse.ui,3.6.2.M20110203-1100,"org.eclipse.ui.file.save",1335019590290
activated,view,org.eclipse.ui.navigator.resources,3.4.202.M20101124-0800,"org.eclipse.ui.navigator.ProjectExplorer",1335019591893
closed,editor,com.google.gwt.eclipse.core,2.3.2.r36v201106211634,"com.google.gwt.eclipse.core.editors.gwtJavaEditor",1335019591893
opened,editor,com.google.gwt.eclipse.core,2.3.2.r36v201106211634,"com.google.gwt.eclipse.core.editors.gwtJavaEditor",1335019598477
activated,editor,com.google.gwt.eclipse.core,2.3.2.r36v201106211634,"com.google.gwt.eclipse.core.editors.gwtJavaEditor",1335019598522
activated,view,org.eclipse.ui.navigator.resources,3.4.202.M20101124-0800,"org.eclipse.ui.navigator.ProjectExplorer",1335019600157
closed,editor,com.google.gwt.eclipse.core,2.3.2.r36v201106211634,"com.google.gwt.eclipse.core.editors.gwtJavaEditor",1335019600157
opened,editor,org.eclipse.ui.editors,3.6.1.r361_v20100825-0800,"org.eclipse.ui.DefaultTextEditor",1335019622572
activated,editor,org.eclipse.ui.editors,3.6.1.r361_v20100825-0800,"org.eclipse.ui.DefaultTextEditor",1335019622584
executed,command,org.eclipse.ui,3.6.2.M20110203-1100,"org.eclipse.ui.edit.copy",1335019627420
activated,view,org.eclipse.ui.navigator.resources,3.4.202.M20101124-0800,"org.eclipse.ui.navigator.ProjectExplorer",1335019630980
opened,editor,org.eclipse.wst.xml.ui,1.1.104.v201103021532,"org.eclipse.wst.xml.ui.internal.tabletree.XMLMultiPageEditorPart",1335019631364
activated,editor,org.eclipse.wst.xml.ui,1.1.104.v201103021532,"org.eclipse.wst.xml.ui.internal.tabletree.XMLMultiPageEditorPart",1335019631424
activated,editor,org.eclipse.ui.editors,3.6.1.r361_v20100825-0800,"org.eclipse.ui.DefaultTextEditor",1335019634930
closed,editor,org.eclipse.wst.xml.ui,1.1.104.v201103021532,"org.eclipse.wst.xml.ui.internal.tabletree.XMLMultiPageEditorPart",1335019634930
activated,view,org.eclipse.ui.navigator.resources,3.4.202.M20101124-0800,"org.eclipse.ui.navigator.ProjectExplorer",1335019637299
opened,editor,org.eclipse.ui.editors,3.6.1.r361_v20100825-0800,"org.eclipse.ui.DefaultTextEditor",1335019642575
activated,editor,org.eclipse.ui.editors,3.6.1.r361_v20100825-0800,"org.eclipse.ui.DefaultTextEditor",1335019642597
executed,command,org.eclipse.ui,3.6.2.M20110203-1100,"org.eclipse.ui.edit.paste",1335019647835
executed,command,org.eclipse.ui,3.6.2.M20110203-1100,"org.eclipse.ui.file.save",1335019651784
activated,editor,org.eclipse.ui.editors,3.6.1.r361_v20100825-0800,"org.eclipse.ui.DefaultTextEditor",1335019653830
closed,editor,org.eclipse.ui.editors,3.6.1.r361_v20100825-0800,"org.eclipse.ui.DefaultTextEditor",1335019653830
activated,view,org.eclipse.ui.navigator.resources,3.4.202.M20101124-0800,"org.eclipse.ui.navigator.ProjectExplorer",1335019657687
closed,editor,org.eclipse.ui.editors,3.6.1.r361_v20100825-0800,"org.eclipse.ui.DefaultTextEditor",1335019657687
opened,editor,com.google.gwt.eclipse.core,2.3.2.r36v201106211634,"com.google.gwt.eclipse.core.editors.cssResourceEditor",1335019680612
activated,editor,com.google.gwt.eclipse.core,2.3.2.r36v201106211634,"com.google.gwt.eclipse.core.editors.cssResourceEditor",1335019680667
executed,command,org.eclipse.ui,3.6.2.M20110203-1100,"org.eclipse.ui.edit.copy",1335019684203
activated,view,org.eclipse.ui.navigator.resources,3.4.202.M20101124-0800,"org.eclipse.ui.navigator.ProjectExplorer",1335019685848
closed,editor,com.google.gwt.eclipse.core,2.3.2.r36v201106211634,"com.google.gwt.eclipse.core.editors.cssResourceEditor",1335019685848
opened,editor,com.google.gwt.eclipse.core,2.3.2.r36v201106211634,"com.google.gwt.eclipse.core.editors.cssResourceEditor",1335019688171
activated,editor,com.google.gwt.eclipse.core,2.3.2.r36v201106211634,"com.google.gwt.eclipse.core.editors.cssResourceEditor",1335019688202
executed,command,org.eclipse.ui,3.6.2.M20110203-1100,"org.eclipse.ui.edit.paste",1335019690580
executed,command,org.eclipse.ui,3.6.2.M20110203-1100,"org.eclipse.ui.file.save",1335019691493
activated,view,org.eclipse.ui.navigator.resources,3.4.202.M20101124-0800,"org.eclipse.ui.navigator.ProjectExplorer",1335019693144
closed,editor,com.google.gwt.eclipse.core,2.3.2.r36v201106211634,"com.google.gwt.eclipse.core.editors.cssResourceEditor",1335019693144
opened,editor,org.eclipse.wst.html.ui,1.0.504.v201101122108,"org.eclipse.wst.html.core.htmlsource.source",1335019695852
activated,editor,org.eclipse.wst.html.ui,1.0.504.v201101122108,"org.eclipse.wst.html.core.htmlsource.source",1335019695895
executed,command,org.eclipse.ui,3.6.2.M20110203-1100,"org.eclipse.ui.edit.copy",1335019700506
activated,view,org.eclipse.ui.navigator.resources,3.4.202.M20101124-0800,"org.eclipse.ui.navigator.ProjectExplorer",1335019701635
closed,editor,org.eclipse.wst.html.ui,1.0.504.v201101122108,"org.eclipse.wst.html.core.htmlsource.source",1335019701635
opened,editor,org.eclipse.wst.html.ui,1.0.504.v201101122108,"org.eclipse.wst.html.core.htmlsource.source",1335019703568
activated,editor,org.eclipse.wst.html.ui,1.0.504.v201101122108,"org.eclipse.wst.html.core.htmlsource.source",1335019703601
executed,command,org.eclipse.ui,3.6.2.M20110203-1100,"org.eclipse.ui.edit.paste",1335019706047
executed,command,org.eclipse.ui,3.6.2.M20110203-1100,"org.eclipse.ui.file.save",1335019708111
